000.jpeg	0
001.jpeg	0
002.jpeg	0
003.jpeg	0
004.jpeg	0
005.jpeg	0
006.jpeg	0
007.jpeg	0
008.jpeg	0
009.jpeg	0
010.jpeg	0
011.jpeg	0
012.jpeg	0
013.jpeg	0
014.jpeg	0
015.jpeg	0
016.jpeg	0
017.jpeg	0
018.jpeg	0
019.jpeg	0
020.jpeg	0
021.jpeg	0
022.jpeg	0
023.jpeg	0
024.jpeg	0
025.jpeg	0
026.jpeg	0
027.jpeg	0
028.jpeg	0
029.jpeg	0
030.jpeg	0
031.jpeg	0
032.jpeg	0
033.jpeg	0
034.jpeg	0
035.jpeg	0
036.jpeg	0
037.jpeg	0
038.jpeg	0
039.jpeg	0
040.jpeg	0
041.jpeg	0
042.jpeg	0
043.jpeg	0
044.jpeg	0
045.jpeg	0
046.jpeg	0
047.jpeg	0
048.jpeg	0
049.jpeg	0
050.jpeg	0
051.jpeg	0
052.jpeg	0
053.jpeg	0
054.jpeg	0
055.jpeg	0
056.jpeg	0
057.jpeg	0
058.jpeg	0
059.jpeg	0
060.jpeg	0
061.jpeg	0
062.jpeg	0
063.jpeg	0
064.jpeg	0
065.jpeg	0
066.jpeg	0
067.jpeg	0
068.jpeg	0
069.jpeg	0
070.jpeg	0
071.jpeg	0
072.jpeg	0
073.jpeg	0
074.jpeg	0
075.jpeg	0
076.jpeg	0
077.jpeg	0
078.jpeg	0
079.jpeg	0
080.jpeg	0
081.jpeg	0
082.jpeg	0
083.jpeg	0
084.jpeg	0
085.jpeg	0
086.jpeg	0
087.jpeg	0
088.jpeg	0
089.jpeg	0
090.jpeg	0
091.jpeg	0
092.jpeg	0
093.jpeg	0
094.jpeg	0
095.jpeg	0
096.jpeg	0
097.jpeg	0
098.jpeg	0
099.jpeg	0
100.jpeg	0
101.jpeg	0
102.jpeg	0
103.jpeg	0
104.jpeg	0
105.jpeg	0
106.jpeg	0
107.jpeg	0
108.jpeg	0
109.jpeg	0
110.jpeg	0
111.jpeg	0
112.jpeg	0
113.jpeg	0
114.jpeg	0
115.jpeg	0
116.jpeg	0
117.jpeg	0
118.jpeg	0
119.jpeg	0
120.jpeg	0
121.jpeg	0
122.jpeg	0
123.jpeg	0
124.jpeg	0
125.jpeg	0
126.jpeg	0
127.jpeg	0
128.jpeg	0
129.jpeg	0
130.jpeg	0
131.jpeg	0
132.jpeg	0
133.jpeg	0
134.jpeg	0
135.jpeg	0
136.jpeg	0
137.jpeg	0
138.jpeg	0
139.jpeg	0
140.jpeg	0
141.jpeg	0
142.jpeg	0
143.jpeg	0
144.jpeg	0
145.jpeg	0
146.jpeg	0
147.jpeg	0
148.jpeg	0
149.jpeg	0
150.jpeg	0
151.jpeg	0
152.jpeg	0
153.jpeg	0
154.jpeg	0
155.jpeg	0
156.jpeg	0
157.jpeg	0
158.jpeg	0
159.jpeg	0
160.jpeg	0
161.jpeg	0
162.jpeg	0
163.jpeg	0
164.jpeg	0
165.jpeg	0
166.jpeg	0
167.jpeg	0
168.jpeg	0
169.jpeg	0
170.jpeg	0
171.jpeg	0
172.jpeg	0
173.jpeg	0
174.jpeg	0
175.jpeg	0
176.jpeg	0
177.jpeg	0
178.jpeg	0
179.jpeg	0
180.jpeg	0
181.jpeg	0
182.jpeg	0
183.jpeg	0
184.jpeg	0
185.jpeg	0
186.jpeg	0
187.jpeg	0
188.jpeg	0
189.jpeg	0
190.jpeg	0
191.jpeg	0
192.jpeg	0
193.jpeg	0
194.jpeg	0
195.jpeg	0
196.jpeg	0
197.jpeg	0
198.jpeg	0
199.jpeg	0
200.jpeg	0
201.jpeg	0
202.jpeg	0
203.jpeg	0
204.jpeg	0
205.jpeg	0
206.jpeg	0
207.jpeg	0
208.jpeg	0
209.jpeg	0
210.jpeg	0
211.jpeg	0
212.jpeg	0
